{"cleavages":[-0.15,-0.1,-0.05,0.0,0.05,0.1,0.15,0.2,0.3,0.4,0.5,0.6,0.7,0.8,0.9,1.0,1.25,1.5,1.75,2.0,2.5,3.0,3.5,4.0,6.0,8.0],"equivalents":[["0:0:-0.150000"],["0:0:-0.100000"],["0:0:-0.050000"],["0:0:0.000000"],["0:0:0.050000"],["0:0:0.100000"],["0:0:0.150000"],["0:0:0.200000"],["0:0:0.300000"],["0:0:0.400000"],["0:0:0.500000"],["0:0:0.600000"],["0:0:0.700000"],["0:0:0.800000"],["0:0:0.900000"],["0:0:1.000000"],["0:0:1.250000"],["0:0:1.500000"],["0:0:1.750000"],["0:0:2.000000"],["0:0:2.500000"],["0:0:3.000000"],["0:0:3.500000"],["0:0:4.000000"],["0:0:6.000000"],["0:0:8.000000"]],"grid":[1,1],"ids":{"0:0:-0.050000":{"cleavage":-0.05,"directory":"cleave__-0.050000","equivalent_structures":["0:0:-0.050000"],"grid_point":[0,0],"group":2,"shift":[0.0,0.0]},"0:0:-0.100000":{"cleavage":-0.1,"directory":"cleave__-0.100000","equivalent_structures":["0:0:-0.100000"],"grid_point":[0,0],"group":1,"shift":[0.0,0.0]},"0:0:-0.150000":{"cleavage":-0.15,"directory":"cleave__-0.150000","equivalent_structures":["0:0:-0.150000"],"grid_point":[0,0],"group":0,"shift":[0.0,0.0]},"0:0:0.000000":{"cleavage":0.0,"directory":"cleave__0.000000","equivalent_structures":["0:0:0.000000"],"grid_point":[0,0],"group":3,"shift":[0.0,0.0]},"0:0:0.050000":{"cleavage":0.05,"directory":"cleave__0.050000","equivalent_structures":["0:0:0.050000"],"grid_point":[0,0],"group":4,"shift":[0.0,0.0]},"0:0:0.100000":{"cleavage":0.1,"directory":"cleave__0.100000","equivalent_structures":["0:0:0.100000"],"grid_point":[0,0],"group":5,"shift":[0.0,0.0]},"0:0:0.150000":{"cleavage":0.15,"directory":"cleave__0.150000","equivalent_structures":["0:0:0.150000"],"grid_point":[0,0],"group":6,"shift":[0.0,0.0]},"0:0:0.200000":{"cleavage":0.2,"directory":"cleave__0.200000","equivalent_structures":["0:0:0.200000"],"grid_point":[0,0],"group":7,"shift":[0.0,0.0]},"0:0:0.300000":{"cleavage":0.3,"directory":"cleave__0.300000","equivalent_structures":["0:0:0.300000"],"grid_point":[0,0],"group":8,"shift":[0.0,0.0]},"0:0:0.400000":{"cleavage":0.4,"directory":"cleave__0.400000","equivalent_structures":["0:0:0.400000"],"grid_point":[0,0],"group":9,"shift":[0.0,0.0]},"0:0:0.500000":{"cleavage":0.5,"directory":"cleave__0.500000","equivalent_structures":["0:0:0.500000"],"grid_point":[0,0],"group":10,"shift":[0.0,0.0]},"0:0:0.600000":{"cleavage":0.6,"directory":"cleave__0.600000","equivalent_structures":["0:0:0.600000"],"grid_point":[0,0],"group":11,"shift":[0.0,0.0]},"0:0:0.700000":{"cleavage":0.7,"directory":"cleave__0.700000","equivalent_structures":["0:0:0.700000"],"grid_point":[0,0],"group":12,"shift":[0.0,0.0]},"0:0:0.800000":{"cleavage":0.8,"directory":"cleave__0.800000","equivalent_structures":["0:0:0.800000"],"grid_point":[0,0],"group":13,"shift":[0.0,0.0]},"0:0:0.900000":{"cleavage":0.9,"directory":"cleave__0.900000","equivalent_structures":["0:0:0.900000"],"grid_point":[0,0],"group":14,"shift":[0.0,0.0]},"0:0:1.000000":{"cleavage":1.0,"directory":"cleave__1.000000","equivalent_structures":["0:0:1.000000"],"grid_point":[0,0],"group":15,"shift":[0.0,0.0]},"0:0:1.250000":{"cleavage":1.25,"directory":"cleave__1.250000","equivalent_structures":["0:0:1.250000"],"grid_point":[0,0],"group":16,"shift":[0.0,0.0]},"0:0:1.500000":{"cleavage":1.5,"directory":"cleave__1.500000","equivalent_structures":["0:0:1.500000"],"grid_point":[0,0],"group":17,"shift":[0.0,0.0]},"0:0:1.750000":{"cleavage":1.75,"directory":"cleave__1.750000","equivalent_structures":["0:0:1.750000"],"grid_point":[0,0],"group":18,"shift":[0.0,0.0]},"0:0:2.000000":{"cleavage":2.0,"directory":"cleave__2.000000","equivalent_structures":["0:0:2.000000"],"grid_point":[0,0],"group":19,"shift":[0.0,0.0]},"0:0:2.500000":{"cleavage":2.5,"directory":"cleave__2.500000","equivalent_structures":["0:0:2.500000"],"grid_point":[0,0],"group":20,"shift":[0.0,0.0]},"0:0:3.000000":{"cleavage":3.0,"directory":"cleave__3.000000","equivalent_structures":["0:0:3.000000"],"grid_point":[0,0],"group":21,"shift":[0.0,0.0]},"0:0:3.500000":{"cleavage":3.5,"directory":"cleave__3.500000","equivalent_structures":["0:0:3.500000"],"grid_point":[0,0],"group":22,"shift":[0.0,0.0]},"0:0:4.000000":{"cleavage":4.0,"directory":"cleave__4.000000","equivalent_structures":["0:0:4.000000"],"grid_point":[0,0],"group":23,"shift":[0.0,0.0]},"0:0:6.000000":{"cleavage":6.0,"directory":"cleave__6.000000","equivalent_structures":["0:0:6.000000"],"grid_point":[0,0],"group":24,"shift":[0.0,0.0]},"0:0:8.000000":{"cleavage":8.0,"directory":"cleave__8.000000","equivalent_structures":["0:0:8.000000"],"grid_point":[0,0],"group":25,"shift":[0.0,0.0]}},"shift_units":[[2.85595465,0.0],[1.42797732,2.47332928]]}