{
    "cleavages": [
        0.0
    ],
    "equivalents": [
        [
            "0:0:0.000000"
        ],
        [
            "0:1:0.000000",
            "0:11:0.000000",
            "1:0:0.000000",
            "1:11:0.000000",
            "11:0:0.000000",
            "11:1:0.000000"
        ],
        [
            "0:2:0.000000",
            "0:10:0.000000",
            "2:0:0.000000",
            "2:10:0.000000",
            "10:0:0.000000",
            "10:2:0.000000"
        ],
        [
            "0:3:0.000000",
            "0:9:0.000000",
            "3:0:0.000000",
            "3:9:0.000000",
            "9:0:0.000000",
            "9:3:0.000000"
        ],
        [
            "0:4:0.000000",
            "0:8:0.000000",
            "4:0:0.000000",
            "4:8:0.000000",
            "8:0:0.000000",
            "8:4:0.000000"
        ],
        [
            "0:5:0.000000",
            "0:7:0.000000",
            "5:0:0.000000",
            "5:7:0.000000",
            "7:0:0.000000",
            "7:5:0.000000"
        ],
        [
            "0:6:0.000000",
            "6:0:0.000000",
            "6:6:0.000000"
        ],
        [
            "1:1:0.000000",
            "1:10:0.000000",
            "10:1:0.000000"
        ],
        [
            "1:2:0.000000",
            "1:9:0.000000",
            "2:1:0.000000",
            "2:9:0.000000",
            "9:1:0.000000",
            "9:2:0.000000"
        ],
        [
            "1:3:0.000000",
            "1:8:0.000000",
            "3:1:0.000000",
            "3:8:0.000000",
            "8:1:0.000000",
            "8:3:0.000000"
        ],
        [
            "1:4:0.000000",
            "1:7:0.000000",
            "4:1:0.000000",
            "4:7:0.000000",
            "7:1:0.000000",
            "7:4:0.000000"
        ],
        [
            "1:5:0.000000",
            "1:6:0.000000",
            "5:1:0.000000",
            "5:6:0.000000",
            "6:1:0.000000",
            "6:5:0.000000"
        ],
        [
            "2:2:0.000000",
            "2:8:0.000000",
            "8:2:0.000000"
        ],
        [
            "2:3:0.000000",
            "2:7:0.000000",
            "3:2:0.000000",
            "3:7:0.000000",
            "7:2:0.000000",
            "7:3:0.000000"
        ],
        [
            "2:4:0.000000",
            "2:6:0.000000",
            "4:2:0.000000",
            "4:6:0.000000",
            "6:2:0.000000",
            "6:4:0.000000"
        ],
        [
            "2:5:0.000000",
            "5:2:0.000000",
            "5:5:0.000000"
        ],
        [
            "2:11:0.000000",
            "11:2:0.000000",
            "11:11:0.000000"
        ],
        [
            "3:3:0.000000",
            "3:6:0.000000",
            "6:3:0.000000"
        ],
        [
            "3:4:0.000000",
            "3:5:0.000000",
            "4:3:0.000000",
            "4:5:0.000000",
            "5:3:0.000000",
            "5:4:0.000000"
        ],
        [
            "3:10:0.000000",
            "3:11:0.000000",
            "10:3:0.000000",
            "10:11:0.000000",
            "11:3:0.000000",
            "11:10:0.000000"
        ],
        [
            "4:4:0.000000"
        ],
        [
            "4:9:0.000000",
            "4:11:0.000000",
            "9:4:0.000000",
            "9:11:0.000000",
            "11:4:0.000000",
            "11:9:0.000000"
        ],
        [
            "4:10:0.000000",
            "10:4:0.000000",
            "10:10:0.000000"
        ],
        [
            "5:8:0.000000",
            "5:11:0.000000",
            "8:5:0.000000",
            "8:11:0.000000",
            "11:5:0.000000",
            "11:8:0.000000"
        ],
        [
            "5:9:0.000000",
            "5:10:0.000000",
            "9:5:0.000000",
            "9:10:0.000000",
            "10:5:0.000000",
            "10:9:0.000000"
        ],
        [
            "6:7:0.000000",
            "6:11:0.000000",
            "7:6:0.000000",
            "7:11:0.000000",
            "11:6:0.000000",
            "11:7:0.000000"
        ],
        [
            "6:8:0.000000",
            "6:10:0.000000",
            "8:6:0.000000",
            "8:10:0.000000",
            "10:6:0.000000",
            "10:8:0.000000"
        ],
        [
            "6:9:0.000000",
            "9:6:0.000000",
            "9:9:0.000000"
        ],
        [
            "7:7:0.000000",
            "7:10:0.000000",
            "10:7:0.000000"
        ],
        [
            "7:8:0.000000",
            "7:9:0.000000",
            "8:7:0.000000",
            "8:9:0.000000",
            "9:7:0.000000",
            "9:8:0.000000"
        ],
        [
            "8:8:0.000000"
        ]
    ],
    "grid": [
        12,
        12
    ],
    "ids": {
        "0:0:0.000000": {
            "cleavage": 0.0,
            "directory": "shift__0.0",
            "equivalent_structures": [
                "0:0:0.000000"
            ],
            "grid_point": [
                0,
                0
            ],
            "orbit": 0,
            "shift": [
                0.0,
                0.0
            ]
        },
        "0:10:0.000000": {
            "cleavage": 0.0,
            "directory": "shift__0.10",
            "equivalent_structures": [
                "0:2:0.000000",
                "0:10:0.000000",
                "2:0:0.000000",
                "2:10:0.000000",
                "10:0:0.000000",
                "10:2:0.000000"
            ],
            "grid_point": [
                0,
                10
            ],
            "orbit": 2,
            "shift": [
                1.3300787862120327,
                2.3037640185267296
            ]
        },
        "0:11:0.000000": {
            "cleavage": 0.0,
            "directory": "shift__0.11",
            "equivalent_structures": [
                "0:1:0.000000",
                "0:11:0.000000",
                "1:0:0.000000",
                "1:11:0.000000",
                "11:0:0.000000",
                "11:1:0.000000"
            ],
            "grid_point": [
                0,
                11
            ],
            "orbit": 1,
            "shift": [
                1.463086664833236,
                2.5341404203794022
            ]
        },
        "0:1:0.000000": {
            "cleavage": 0.0,
            "directory": "shift__0.1",
            "equivalent_structures": [
                "0:1:0.000000",
                "0:11:0.000000",
                "1:0:0.000000",
                "1:11:0.000000",
                "11:0:0.000000",
                "11:1:0.000000"
            ],
            "grid_point": [
                0,
                1
            ],
            "orbit": 1,
            "shift": [
                0.13300787862120325,
                0.23037640185267294
            ]
        },
        "0:2:0.000000": {
            "cleavage": 0.0,
            "directory": "shift__0.2",
            "equivalent_structures": [
                "0:2:0.000000",
                "0:10:0.000000",
                "2:0:0.000000",
                "2:10:0.000000",
                "10:0:0.000000",
                "10:2:0.000000"
            ],
            "grid_point": [
                0,
                2
            ],
            "orbit": 2,
            "shift": [
                0.2660157572424065,
                0.4607528037053459
            ]
        },
        "0:3:0.000000": {
            "cleavage": 0.0,
            "directory": "shift__0.3",
            "equivalent_structures": [
                "0:3:0.000000",
                "0:9:0.000000",
                "3:0:0.000000",
                "3:9:0.000000",
                "9:0:0.000000",
                "9:3:0.000000"
            ],
            "grid_point": [
                0,
                3
            ],
            "orbit": 3,
            "shift": [
                0.3990236358636098,
                0.6911292055580188
            ]
        },
        "0:4:0.000000": {
            "cleavage": 0.0,
            "directory": "shift__0.4",
            "equivalent_structures": [
                "0:4:0.000000",
                "0:8:0.000000",
                "4:0:0.000000",
                "4:8:0.000000",
                "8:0:0.000000",
                "8:4:0.000000"
            ],
            "grid_point": [
                0,
                4
            ],
            "orbit": 4,
            "shift": [
                0.532031514484813,
                0.9215056074106918
            ]
        },
        "0:5:0.000000": {
            "cleavage": 0.0,
            "directory": "shift__0.5",
            "equivalent_structures": [
                "0:5:0.000000",
                "0:7:0.000000",
                "5:0:0.000000",
                "5:7:0.000000",
                "7:0:0.000000",
                "7:5:0.000000"
            ],
            "grid_point": [
                0,
                5
            ],
            "orbit": 5,
            "shift": [
                0.6650393931060163,
                1.1518820092633648
            ]
        },
        "0:6:0.000000": {
            "cleavage": 0.0,
            "directory": "shift__0.6",
            "equivalent_structures": [
                "0:6:0.000000",
                "6:0:0.000000",
                "6:6:0.000000"
            ],
            "grid_point": [
                0,
                6
            ],
            "orbit": 6,
            "shift": [
                0.7980472717272196,
                1.3822584111160376
            ]
        },
        "0:7:0.000000": {
            "cleavage": 0.0,
            "directory": "shift__0.7",
            "equivalent_structures": [
                "0:5:0.000000",
                "0:7:0.000000",
                "5:0:0.000000",
                "5:7:0.000000",
                "7:0:0.000000",
                "7:5:0.000000"
            ],
            "grid_point": [
                0,
                7
            ],
            "orbit": 5,
            "shift": [
                0.9310551503484229,
                1.6126348129687107
            ]
        },
        "0:8:0.000000": {
            "cleavage": 0.0,
            "directory": "shift__0.8",
            "equivalent_structures": [
                "0:4:0.000000",
                "0:8:0.000000",
                "4:0:0.000000",
                "4:8:0.000000",
                "8:0:0.000000",
                "8:4:0.000000"
            ],
            "grid_point": [
                0,
                8
            ],
            "orbit": 4,
            "shift": [
                1.064063028969626,
                1.8430112148213835
            ]
        },
        "0:9:0.000000": {
            "cleavage": 0.0,
            "directory": "shift__0.9",
            "equivalent_structures": [
                "0:3:0.000000",
                "0:9:0.000000",
                "3:0:0.000000",
                "3:9:0.000000",
                "9:0:0.000000",
                "9:3:0.000000"
            ],
            "grid_point": [
                0,
                9
            ],
            "orbit": 3,
            "shift": [
                1.1970709075908292,
                2.0733876166740566
            ]
        },
        "10:0:0.000000": {
            "cleavage": 0.0,
            "directory": "shift__10.0",
            "equivalent_structures": [
                "0:2:0.000000",
                "0:10:0.000000",
                "2:0:0.000000",
                "2:10:0.000000",
                "10:0:0.000000",
                "10:2:0.000000"
            ],
            "grid_point": [
                10,
                0
            ],
            "orbit": 2,
            "shift": [
                2.6601575574746885,
                0.0
            ]
        },
        "10:10:0.000000": {
            "cleavage": 0.0,
            "directory": "shift__10.10",
            "equivalent_structures": [
                "4:10:0.000000",
                "10:4:0.000000",
                "10:10:0.000000"
            ],
            "grid_point": [
                10,
                10
            ],
            "orbit": 22,
            "shift": [
                3.990236343686721,
                2.3037640185267296
            ]
        },
        "10:11:0.000000": {
            "cleavage": 0.0,
            "directory": "shift__10.11",
            "equivalent_structures": [
                "3:10:0.000000",
                "3:11:0.000000",
                "10:3:0.000000",
                "10:11:0.000000",
                "11:3:0.000000",
                "11:10:0.000000"
            ],
            "grid_point": [
                10,
                11
            ],
            "orbit": 19,
            "shift": [
                4.123244222307925,
                2.5341404203794022
            ]
        },
        "10:1:0.000000": {
            "cleavage": 0.0,
            "directory": "shift__10.1",
            "equivalent_structures": [
                "1:1:0.000000",
                "1:10:0.000000",
                "10:1:0.000000"
            ],
            "grid_point": [
                10,
                1
            ],
            "orbit": 7,
            "shift": [
                2.793165436095892,
                0.23037640185267294
            ]
        },
        "10:2:0.000000": {
            "cleavage": 0.0,
            "directory": "shift__10.2",
            "equivalent_structures": [
                "0:2:0.000000",
                "0:10:0.000000",
                "2:0:0.000000",
                "2:10:0.000000",
                "10:0:0.000000",
                "10:2:0.000000"
            ],
            "grid_point": [
                10,
                2
            ],
            "orbit": 2,
            "shift": [
                2.926173314717095,
                0.4607528037053459
            ]
        },
        "10:3:0.000000": {
            "cleavage": 0.0,
            "directory": "shift__10.3",
            "equivalent_structures": [
                "3:10:0.000000",
                "3:11:0.000000",
                "10:3:0.000000",
                "10:11:0.000000",
                "11:3:0.000000",
                "11:10:0.000000"
            ],
            "grid_point": [
                10,
                3
            ],
            "orbit": 19,
            "shift": [
                3.0591811933382984,
                0.6911292055580188
            ]
        },
        "10:4:0.000000": {
            "cleavage": 0.0,
            "directory": "shift__10.4",
            "equivalent_structures": [
                "4:10:0.000000",
                "10:4:0.000000",
                "10:10:0.000000"
            ],
            "grid_point": [
                10,
                4
            ],
            "orbit": 22,
            "shift": [
                3.1921890719595014,
                0.9215056074106918
            ]
        },
        "10:5:0.000000": {
            "cleavage": 0.0,
            "directory": "shift__10.5",
            "equivalent_structures": [
                "5:9:0.000000",
                "5:10:0.000000",
                "9:5:0.000000",
                "9:10:0.000000",
                "10:5:0.000000",
                "10:9:0.000000"
            ],
            "grid_point": [
                10,
                5
            ],
            "orbit": 24,
            "shift": [
                3.325196950580705,
                1.1518820092633648
            ]
        },
        "10:6:0.000000": {
            "cleavage": 0.0,
            "directory": "shift__10.6",
            "equivalent_structures": [
                "6:8:0.000000",
                "6:10:0.000000",
                "8:6:0.000000",
                "8:10:0.000000",
                "10:6:0.000000",
                "10:8:0.000000"
            ],
            "grid_point": [
                10,
                6
            ],
            "orbit": 26,
            "shift": [
                3.4582048292019083,
                1.3822584111160376
            ]
        },
        "10:7:0.000000": {
            "cleavage": 0.0,
            "directory": "shift__10.7",
            "equivalent_structures": [
                "7:7:0.000000",
                "7:10:0.000000",
                "10:7:0.000000"
            ],
            "grid_point": [
                10,
                7
            ],
            "orbit": 28,
            "shift": [
                3.5912127078231113,
                1.6126348129687107
            ]
        },
        "10:8:0.000000": {
            "cleavage": 0.0,
            "directory": "shift__10.8",
            "equivalent_structures": [
                "6:8:0.000000",
                "6:10:0.000000",
                "8:6:0.000000",
                "8:10:0.000000",
                "10:6:0.000000",
                "10:8:0.000000"
            ],
            "grid_point": [
                10,
                8
            ],
            "orbit": 26,
            "shift": [
                3.7242205864443143,
                1.8430112148213835
            ]
        },
        "10:9:0.000000": {
            "cleavage": 0.0,
            "directory": "shift__10.9",
            "equivalent_structures": [
                "5:9:0.000000",
                "5:10:0.000000",
                "9:5:0.000000",
                "9:10:0.000000",
                "10:5:0.000000",
                "10:9:0.000000"
            ],
            "grid_point": [
                10,
                9
            ],
            "orbit": 24,
            "shift": [
                3.8572284650655178,
                2.0733876166740566
            ]
        },
        "11:0:0.000000": {
            "cleavage": 0.0,
            "directory": "shift__11.0",
            "equivalent_structures": [
                "0:1:0.000000",
                "0:11:0.000000",
                "1:0:0.000000",
                "1:11:0.000000",
                "11:0:0.000000",
                "11:1:0.000000"
            ],
            "grid_point": [
                11,
                0
            ],
            "orbit": 1,
            "shift": [
                2.926173313222157,
                0.0
            ]
        },
        "11:10:0.000000": {
            "cleavage": 0.0,
            "directory": "shift__11.10",
            "equivalent_structures": [
                "3:10:0.000000",
                "3:11:0.000000",
                "10:3:0.000000",
                "10:11:0.000000",
                "11:3:0.000000",
                "11:10:0.000000"
            ],
            "grid_point": [
                11,
                10
            ],
            "orbit": 19,
            "shift": [
                4.25625209943419,
                2.3037640185267296
            ]
        },
        "11:11:0.000000": {
            "cleavage": 0.0,
            "directory": "shift__11.11",
            "equivalent_structures": [
                "2:11:0.000000",
                "11:2:0.000000",
                "11:11:0.000000"
            ],
            "grid_point": [
                11,
                11
            ],
            "orbit": 16,
            "shift": [
                4.389259978055393,
                2.5341404203794022
            ]
        },
        "11:1:0.000000": {
            "cleavage": 0.0,
            "directory": "shift__11.1",
            "equivalent_structures": [
                "0:1:0.000000",
                "0:11:0.000000",
                "1:0:0.000000",
                "1:11:0.000000",
                "11:0:0.000000",
                "11:1:0.000000"
            ],
            "grid_point": [
                11,
                1
            ],
            "orbit": 1,
            "shift": [
                3.0591811918433605,
                0.23037640185267294
            ]
        },
        "11:2:0.000000": {
            "cleavage": 0.0,
            "directory": "shift__11.2",
            "equivalent_structures": [
                "2:11:0.000000",
                "11:2:0.000000",
                "11:11:0.000000"
            ],
            "grid_point": [
                11,
                2
            ],
            "orbit": 16,
            "shift": [
                3.1921890704645635,
                0.4607528037053459
            ]
        },
        "11:3:0.000000": {
            "cleavage": 0.0,
            "directory": "shift__11.3",
            "equivalent_structures": [
                "3:10:0.000000",
                "3:11:0.000000",
                "10:3:0.000000",
                "10:11:0.000000",
                "11:3:0.000000",
                "11:10:0.000000"
            ],
            "grid_point": [
                11,
                3
            ],
            "orbit": 19,
            "shift": [
                3.325196949085767,
                0.6911292055580188
            ]
        },
        "11:4:0.000000": {
            "cleavage": 0.0,
            "directory": "shift__11.4",
            "equivalent_structures": [
                "4:9:0.000000",
                "4:11:0.000000",
                "9:4:0.000000",
                "9:11:0.000000",
                "11:4:0.000000",
                "11:9:0.000000"
            ],
            "grid_point": [
                11,
                4
            ],
            "orbit": 21,
            "shift": [
                3.45820482770697,
                0.9215056074106918
            ]
        },
        "11:5:0.000000": {
            "cleavage": 0.0,
            "directory": "shift__11.5",
            "equivalent_structures": [
                "5:8:0.000000",
                "5:11:0.000000",
                "8:5:0.000000",
                "8:11:0.000000",
                "11:5:0.000000",
                "11:8:0.000000"
            ],
            "grid_point": [
                11,
                5
            ],
            "orbit": 23,
            "shift": [
                3.5912127063281734,
                1.1518820092633648
            ]
        },
        "11:6:0.000000": {
            "cleavage": 0.0,
            "directory": "shift__11.6",
            "equivalent_structures": [
                "6:7:0.000000",
                "6:11:0.000000",
                "7:6:0.000000",
                "7:11:0.000000",
                "11:6:0.000000",
                "11:7:0.000000"
            ],
            "grid_point": [
                11,
                6
            ],
            "orbit": 25,
            "shift": [
                3.724220584949377,
                1.3822584111160376
            ]
        },
        "11:7:0.000000": {
            "cleavage": 0.0,
            "directory": "shift__11.7",
            "equivalent_structures": [
                "6:7:0.000000",
                "6:11:0.000000",
                "7:6:0.000000",
                "7:11:0.000000",
                "11:6:0.000000",
                "11:7:0.000000"
            ],
            "grid_point": [
                11,
                7
            ],
            "orbit": 25,
            "shift": [
                3.85722846357058,
                1.6126348129687107
            ]
        },
        "11:8:0.000000": {
            "cleavage": 0.0,
            "directory": "shift__11.8",
            "equivalent_structures": [
                "5:8:0.000000",
                "5:11:0.000000",
                "8:5:0.000000",
                "8:11:0.000000",
                "11:5:0.000000",
                "11:8:0.000000"
            ],
            "grid_point": [
                11,
                8
            ],
            "orbit": 23,
            "shift": [
                3.990236342191783,
                1.8430112148213835
            ]
        },
        "11:9:0.000000": {
            "cleavage": 0.0,
            "directory": "shift__11.9",
            "equivalent_structures": [
                "4:9:0.000000",
                "4:11:0.000000",
                "9:4:0.000000",
                "9:11:0.000000",
                "11:4:0.000000",
                "11:9:0.000000"
            ],
            "grid_point": [
                11,
                9
            ],
            "orbit": 21,
            "shift": [
                4.123244220812986,
                2.0733876166740566
            ]
        },
        "1:0:0.000000": {
            "cleavage": 0.0,
            "directory": "shift__1.0",
            "equivalent_structures": [
                "0:1:0.000000",
                "0:11:0.000000",
                "1:0:0.000000",
                "1:11:0.000000",
                "11:0:0.000000",
                "11:1:0.000000"
            ],
            "grid_point": [
                1,
                0
            ],
            "orbit": 1,
            "shift": [
                0.26601575574746883,
                0.0
            ]
        },
        "1:10:0.000000": {
            "cleavage": 0.0,
            "directory": "shift__1.10",
            "equivalent_structures": [
                "1:1:0.000000",
                "1:10:0.000000",
                "10:1:0.000000"
            ],
            "grid_point": [
                1,
                10
            ],
            "orbit": 7,
            "shift": [
                1.5960945419595016,
                2.3037640185267296
            ]
        },
        "1:11:0.000000": {
            "cleavage": 0.0,
            "directory": "shift__1.11",
            "equivalent_structures": [
                "0:1:0.000000",
                "0:11:0.000000",
                "1:0:0.000000",
                "1:11:0.000000",
                "11:0:0.000000",
                "11:1:0.000000"
            ],
            "grid_point": [
                1,
                11
            ],
            "orbit": 1,
            "shift": [
                1.7291024205807046,
                2.5341404203794022
            ]
        },
        "1:1:0.000000": {
            "cleavage": 0.0,
            "directory": "shift__1.1",
            "equivalent_structures": [
                "1:1:0.000000",
                "1:10:0.000000",
                "10:1:0.000000"
            ],
            "grid_point": [
                1,
                1
            ],
            "orbit": 7,
            "shift": [
                0.39902363436867205,
                0.23037640185267294
            ]
        },
        "1:2:0.000000": {
            "cleavage": 0.0,
            "directory": "shift__1.2",
            "equivalent_structures": [
                "1:2:0.000000",
                "1:9:0.000000",
                "2:1:0.000000",
                "2:9:0.000000",
                "9:1:0.000000",
                "9:2:0.000000"
            ],
            "grid_point": [
                1,
                2
            ],
            "orbit": 8,
            "shift": [
                0.5320315129898754,
                0.4607528037053459
            ]
        },
        "1:3:0.000000": {
            "cleavage": 0.0,
            "directory": "shift__1.3",
            "equivalent_structures": [
                "1:3:0.000000",
                "1:8:0.000000",
                "3:1:0.000000",
                "3:8:0.000000",
                "8:1:0.000000",
                "8:3:0.000000"
            ],
            "grid_point": [
                1,
                3
            ],
            "orbit": 9,
            "shift": [
                0.6650393916110786,
                0.6911292055580188
            ]
        },
        "1:4:0.000000": {
            "cleavage": 0.0,
            "directory": "shift__1.4",
            "equivalent_structures": [
                "1:4:0.000000",
                "1:7:0.000000",
                "4:1:0.000000",
                "4:7:0.000000",
                "7:1:0.000000",
                "7:4:0.000000"
            ],
            "grid_point": [
                1,
                4
            ],
            "orbit": 10,
            "shift": [
                0.7980472702322818,
                0.9215056074106918
            ]
        },
        "1:5:0.000000": {
            "cleavage": 0.0,
            "directory": "shift__1.5",
            "equivalent_structures": [
                "1:5:0.000000",
                "1:6:0.000000",
                "5:1:0.000000",
                "5:6:0.000000",
                "6:1:0.000000",
                "6:5:0.000000"
            ],
            "grid_point": [
                1,
                5
            ],
            "orbit": 11,
            "shift": [
                0.9310551488534852,
                1.1518820092633648
            ]
        },
        "1:6:0.000000": {
            "cleavage": 0.0,
            "directory": "shift__1.6",
            "equivalent_structures": [
                "1:5:0.000000",
                "1:6:0.000000",
                "5:1:0.000000",
                "5:6:0.000000",
                "6:1:0.000000",
                "6:5:0.000000"
            ],
            "grid_point": [
                1,
                6
            ],
            "orbit": 11,
            "shift": [
                1.0640630274746883,
                1.3822584111160376
            ]
        },
        "1:7:0.000000": {
            "cleavage": 0.0,
            "directory": "shift__1.7",
            "equivalent_structures": [
                "1:4:0.000000",
                "1:7:0.000000",
                "4:1:0.000000",
                "4:7:0.000000",
                "7:1:0.000000",
                "7:4:0.000000"
            ],
            "grid_point": [
                1,
                7
            ],
            "orbit": 10,
            "shift": [
                1.1970709060958917,
                1.6126348129687107
            ]
        },
        "1:8:0.000000": {
            "cleavage": 0.0,
            "directory": "shift__1.8",
            "equivalent_structures": [
                "1:3:0.000000",
                "1:8:0.000000",
                "3:1:0.000000",
                "3:8:0.000000",
                "8:1:0.000000",
                "8:3:0.000000"
            ],
            "grid_point": [
                1,
                8
            ],
            "orbit": 9,
            "shift": [
                1.3300787847170947,
                1.8430112148213835
            ]
        },
        "1:9:0.000000": {
            "cleavage": 0.0,
            "directory": "shift__1.9",
            "equivalent_structures": [
                "1:2:0.000000",
                "1:9:0.000000",
                "2:1:0.000000",
                "2:9:0.000000",
                "9:1:0.000000",
                "9:2:0.000000"
            ],
            "grid_point": [
                1,
                9
            ],
            "orbit": 8,
            "shift": [
                1.4630866633382982,
                2.0733876166740566
            ]
        },
        "2:0:0.000000": {
            "cleavage": 0.0,
            "directory": "shift__2.0",
            "equivalent_structures": [
                "0:2:0.000000",
                "0:10:0.000000",
                "2:0:0.000000",
                "2:10:0.000000",
                "10:0:0.000000",
                "10:2:0.000000"
            ],
            "grid_point": [
                2,
                0
            ],
            "orbit": 2,
            "shift": [
                0.5320315114949377,
                0.0
            ]
        },
        "2:10:0.000000": {
            "cleavage": 0.0,
            "directory": "shift__2.10",
            "equivalent_structures": [
                "0:2:0.000000",
                "0:10:0.000000",
                "2:0:0.000000",
                "2:10:0.000000",
                "10:0:0.000000",
                "10:2:0.000000"
            ],
            "grid_point": [
                2,
                10
            ],
            "orbit": 2,
            "shift": [
                1.8621102977069703,
                2.3037640185267296
            ]
        },
        "2:11:0.000000": {
            "cleavage": 0.0,
            "directory": "shift__2.11",
            "equivalent_structures": [
                "2:11:0.000000",
                "11:2:0.000000",
                "11:11:0.000000"
            ],
            "grid_point": [
                2,
                11
            ],
            "orbit": 16,
            "shift": [
                1.9951181763281736,
                2.5341404203794022
            ]
        },
        "2:1:0.000000": {
            "cleavage": 0.0,
            "directory": "shift__2.1",
            "equivalent_structures": [
                "1:2:0.000000",
                "1:9:0.000000",
                "2:1:0.000000",
                "2:9:0.000000",
                "9:1:0.000000",
                "9:2:0.000000"
            ],
            "grid_point": [
                2,
                1
            ],
            "orbit": 8,
            "shift": [
                0.6650393901161409,
                0.23037640185267294
            ]
        },
        "2:2:0.000000": {
            "cleavage": 0.0,
            "directory": "shift__2.2",
            "equivalent_structures": [
                "2:2:0.000000",
                "2:8:0.000000",
                "8:2:0.000000"
            ],
            "grid_point": [
                2,
                2
            ],
            "orbit": 12,
            "shift": [
                0.7980472687373441,
                0.4607528037053459
            ]
        },
        "2:3:0.000000": {
            "cleavage": 0.0,
            "directory": "shift__2.3",
            "equivalent_structures": [
                "2:3:0.000000",
                "2:7:0.000000",
                "3:2:0.000000",
                "3:7:0.000000",
                "7:2:0.000000",
                "7:3:0.000000"
            ],
            "grid_point": [
                2,
                3
            ],
            "orbit": 13,
            "shift": [
                0.9310551473585474,
                0.6911292055580188
            ]
        },
        "2:4:0.000000": {
            "cleavage": 0.0,
            "directory": "shift__2.4",
            "equivalent_structures": [
                "2:4:0.000000",
                "2:6:0.000000",
                "4:2:0.000000",
                "4:6:0.000000",
                "6:2:0.000000",
                "6:4:0.000000"
            ],
            "grid_point": [
                2,
                4
            ],
            "orbit": 14,
            "shift": [
                1.0640630259797508,
                0.9215056074106918
            ]
        },
        "2:5:0.000000": {
            "cleavage": 0.0,
            "directory": "shift__2.5",
            "equivalent_structures": [
                "2:5:0.000000",
                "5:2:0.000000",
                "5:5:0.000000"
            ],
            "grid_point": [
                2,
                5
            ],
            "orbit": 15,
            "shift": [
                1.197070904600954,
                1.1518820092633648
            ]
        },
        "2:6:0.000000": {
            "cleavage": 0.0,
            "directory": "shift__2.6",
            "equivalent_structures": [
                "2:4:0.000000",
                "2:6:0.000000",
                "4:2:0.000000",
                "4:6:0.000000",
                "6:2:0.000000",
                "6:4:0.000000"
            ],
            "grid_point": [
                2,
                6
            ],
            "orbit": 14,
            "shift": [
                1.3300787832221572,
                1.3822584111160376
            ]
        },
        "2:7:0.000000": {
            "cleavage": 0.0,
            "directory": "shift__2.7",
            "equivalent_structures": [
                "2:3:0.000000",
                "2:7:0.000000",
                "3:2:0.000000",
                "3:7:0.000000",
                "7:2:0.000000",
                "7:3:0.000000"
            ],
            "grid_point": [
                2,
                7
            ],
            "orbit": 13,
            "shift": [
                1.4630866618433607,
                1.6126348129687107
            ]
        },
        "2:8:0.000000": {
            "cleavage": 0.0,
            "directory": "shift__2.8",
            "equivalent_structures": [
                "2:2:0.000000",
                "2:8:0.000000",
                "8:2:0.000000"
            ],
            "grid_point": [
                2,
                8
            ],
            "orbit": 12,
            "shift": [
                1.5960945404645637,
                1.8430112148213835
            ]
        },
        "2:9:0.000000": {
            "cleavage": 0.0,
            "directory": "shift__2.9",
            "equivalent_structures": [
                "1:2:0.000000",
                "1:9:0.000000",
                "2:1:0.000000",
                "2:9:0.000000",
                "9:1:0.000000",
                "9:2:0.000000"
            ],
            "grid_point": [
                2,
                9
            ],
            "orbit": 8,
            "shift": [
                1.729102419085767,
                2.0733876166740566
            ]
        },
        "3:0:0.000000": {
            "cleavage": 0.0,
            "directory": "shift__3.0",
            "equivalent_structures": [
                "0:3:0.000000",
                "0:9:0.000000",
                "3:0:0.000000",
                "3:9:0.000000",
                "9:0:0.000000",
                "9:3:0.000000"
            ],
            "grid_point": [
                3,
                0
            ],
            "orbit": 3,
            "shift": [
                0.7980472672424065,
                0.0
            ]
        },
        "3:10:0.000000": {
            "cleavage": 0.0,
            "directory": "shift__3.10",
            "equivalent_structures": [
                "3:10:0.000000",
                "3:11:0.000000",
                "10:3:0.000000",
                "10:11:0.000000",
                "11:3:0.000000",
                "11:10:0.000000"
            ],
            "grid_point": [
                3,
                10
            ],
            "orbit": 19,
            "shift": [
                2.128126053454439,
                2.3037640185267296
            ]
        },
        "3:11:0.000000": {
            "cleavage": 0.0,
            "directory": "shift__3.11",
            "equivalent_structures": [
                "3:10:0.000000",
                "3:11:0.000000",
                "10:3:0.000000",
                "10:11:0.000000",
                "11:3:0.000000",
                "11:10:0.000000"
            ],
            "grid_point": [
                3,
                11
            ],
            "orbit": 19,
            "shift": [
                2.2611339320756425,
                2.5341404203794022
            ]
        },
        "3:1:0.000000": {
            "cleavage": 0.0,
            "directory": "shift__3.1",
            "equivalent_structures": [
                "1:3:0.000000",
                "1:8:0.000000",
                "3:1:0.000000",
                "3:8:0.000000",
                "8:1:0.000000",
                "8:3:0.000000"
            ],
            "grid_point": [
                3,
                1
            ],
            "orbit": 9,
            "shift": [
                0.9310551458636097,
                0.23037640185267294
            ]
        },
        "3:2:0.000000": {
            "cleavage": 0.0,
            "directory": "shift__3.2",
            "equivalent_structures": [
                "2:3:0.000000",
                "2:7:0.000000",
                "3:2:0.000000",
                "3:7:0.000000",
                "7:2:0.000000",
                "7:3:0.000000"
            ],
            "grid_point": [
                3,
                2
            ],
            "orbit": 13,
            "shift": [
                1.064063024484813,
                0.4607528037053459
            ]
        },
        "3:3:0.000000": {
            "cleavage": 0.0,
            "directory": "shift__3.3",
            "equivalent_structures": [
                "3:3:0.000000",
                "3:6:0.000000",
                "6:3:0.000000"
            ],
            "grid_point": [
                3,
                3
            ],
            "orbit": 17,
            "shift": [
                1.1970709031060163,
                0.6911292055580188
            ]
        },
        "3:4:0.000000": {
            "cleavage": 0.0,
            "directory": "shift__3.4",
            "equivalent_structures": [
                "3:4:0.000000",
                "3:5:0.000000",
                "4:3:0.000000",
                "4:5:0.000000",
                "5:3:0.000000",
                "5:4:0.000000"
            ],
            "grid_point": [
                3,
                4
            ],
            "orbit": 18,
            "shift": [
                1.3300787817272195,
                0.9215056074106918
            ]
        },
        "3:5:0.000000": {
            "cleavage": 0.0,
            "directory": "shift__3.5",
            "equivalent_structures": [
                "3:4:0.000000",
                "3:5:0.000000",
                "4:3:0.000000",
                "4:5:0.000000",
                "5:3:0.000000",
                "5:4:0.000000"
            ],
            "grid_point": [
                3,
                5
            ],
            "orbit": 18,
            "shift": [
                1.4630866603484227,
                1.1518820092633648
            ]
        },
        "3:6:0.000000": {
            "cleavage": 0.0,
            "directory": "shift__3.6",
            "equivalent_structures": [
                "3:3:0.000000",
                "3:6:0.000000",
                "6:3:0.000000"
            ],
            "grid_point": [
                3,
                6
            ],
            "orbit": 17,
            "shift": [
                1.5960945389696262,
                1.3822584111160376
            ]
        },
        "3:7:0.000000": {
            "cleavage": 0.0,
            "directory": "shift__3.7",
            "equivalent_structures": [
                "2:3:0.000000",
                "2:7:0.000000",
                "3:2:0.000000",
                "3:7:0.000000",
                "7:2:0.000000",
                "7:3:0.000000"
            ],
            "grid_point": [
                3,
                7
            ],
            "orbit": 13,
            "shift": [
                1.7291024175908294,
                1.6126348129687107
            ]
        },
        "3:8:0.000000": {
            "cleavage": 0.0,
            "directory": "shift__3.8",
            "equivalent_structures": [
                "1:3:0.000000",
                "1:8:0.000000",
                "3:1:0.000000",
                "3:8:0.000000",
                "8:1:0.000000",
                "8:3:0.000000"
            ],
            "grid_point": [
                3,
                8
            ],
            "orbit": 9,
            "shift": [
                1.8621102962120326,
                1.8430112148213835
            ]
        },
        "3:9:0.000000": {
            "cleavage": 0.0,
            "directory": "shift__3.9",
            "equivalent_structures": [
                "0:3:0.000000",
                "0:9:0.000000",
                "3:0:0.000000",
                "3:9:0.000000",
                "9:0:0.000000",
                "9:3:0.000000"
            ],
            "grid_point": [
                3,
                9
            ],
            "orbit": 3,
            "shift": [
                1.9951181748332356,
                2.0733876166740566
            ]
        },
        "4:0:0.000000": {
            "cleavage": 0.0,
            "directory": "shift__4.0",
            "equivalent_structures": [
                "0:4:0.000000",
                "0:8:0.000000",
                "4:0:0.000000",
                "4:8:0.000000",
                "8:0:0.000000",
                "8:4:0.000000"
            ],
            "grid_point": [
                4,
                0
            ],
            "orbit": 4,
            "shift": [
                1.0640630229898753,
                0.0
            ]
        },
        "4:10:0.000000": {
            "cleavage": 0.0,
            "directory": "shift__4.10",
            "equivalent_structures": [
                "4:10:0.000000",
                "10:4:0.000000",
                "10:10:0.000000"
            ],
            "grid_point": [
                4,
                10
            ],
            "orbit": 22,
            "shift": [
                2.394141809201908,
                2.3037640185267296
            ]
        },
        "4:11:0.000000": {
            "cleavage": 0.0,
            "directory": "shift__4.11",
            "equivalent_structures": [
                "4:9:0.000000",
                "4:11:0.000000",
                "9:4:0.000000",
                "9:11:0.000000",
                "11:4:0.000000",
                "11:9:0.000000"
            ],
            "grid_point": [
                4,
                11
            ],
            "orbit": 21,
            "shift": [
                2.527149687823111,
                2.5341404203794022
            ]
        },
        "4:1:0.000000": {
            "cleavage": 0.0,
            "directory": "shift__4.1",
            "equivalent_structures": [
                "1:4:0.000000",
                "1:7:0.000000",
                "4:1:0.000000",
                "4:7:0.000000",
                "7:1:0.000000",
                "7:4:0.000000"
            ],
            "grid_point": [
                4,
                1
            ],
            "orbit": 10,
            "shift": [
                1.1970709016110785,
                0.23037640185267294
            ]
        },
        "4:2:0.000000": {
            "cleavage": 0.0,
            "directory": "shift__4.2",
            "equivalent_structures": [
                "2:4:0.000000",
                "2:6:0.000000",
                "4:2:0.000000",
                "4:6:0.000000",
                "6:2:0.000000",
                "6:4:0.000000"
            ],
            "grid_point": [
                4,
                2
            ],
            "orbit": 14,
            "shift": [
                1.3300787802322818,
                0.4607528037053459
            ]
        },
        "4:3:0.000000": {
            "cleavage": 0.0,
            "directory": "shift__4.3",
            "equivalent_structures": [
                "3:4:0.000000",
                "3:5:0.000000",
                "4:3:0.000000",
                "4:5:0.000000",
                "5:3:0.000000",
                "5:4:0.000000"
            ],
            "grid_point": [
                4,
                3
            ],
            "orbit": 18,
            "shift": [
                1.4630866588534852,
                0.6911292055580188
            ]
        },
        "4:4:0.000000": {
            "cleavage": 0.0,
            "directory": "shift__4.4",
            "equivalent_structures": [
                "4:4:0.000000"
            ],
            "grid_point": [
                4,
                4
            ],
            "orbit": 20,
            "shift": [
                1.5960945374746882,
                0.9215056074106918
            ]
        },
        "4:5:0.000000": {
            "cleavage": 0.0,
            "directory": "shift__4.5",
            "equivalent_structures": [
                "3:4:0.000000",
                "3:5:0.000000",
                "4:3:0.000000",
                "4:5:0.000000",
                "5:3:0.000000",
                "5:4:0.000000"
            ],
            "grid_point": [
                4,
                5
            ],
            "orbit": 18,
            "shift": [
                1.7291024160958917,
                1.1518820092633648
            ]
        },
        "4:6:0.000000": {
            "cleavage": 0.0,
            "directory": "shift__4.6",
            "equivalent_structures": [
                "2:4:0.000000",
                "2:6:0.000000",
                "4:2:0.000000",
                "4:6:0.000000",
                "6:2:0.000000",
                "6:4:0.000000"
            ],
            "grid_point": [
                4,
                6
            ],
            "orbit": 14,
            "shift": [
                1.8621102947170949,
                1.3822584111160376
            ]
        },
        "4:7:0.000000": {
            "cleavage": 0.0,
            "directory": "shift__4.7",
            "equivalent_structures": [
                "1:4:0.000000",
                "1:7:0.000000",
                "4:1:0.000000",
                "4:7:0.000000",
                "7:1:0.000000",
                "7:4:0.000000"
            ],
            "grid_point": [
                4,
                7
            ],
            "orbit": 10,
            "shift": [
                1.995118173338298,
                1.6126348129687107
            ]
        },
        "4:8:0.000000": {
            "cleavage": 0.0,
            "directory": "shift__4.8",
            "equivalent_structures": [
                "0:4:0.000000",
                "0:8:0.000000",
                "4:0:0.000000",
                "4:8:0.000000",
                "8:0:0.000000",
                "8:4:0.000000"
            ],
            "grid_point": [
                4,
                8
            ],
            "orbit": 4,
            "shift": [
                2.1281260519595016,
                1.8430112148213835
            ]
        },
        "4:9:0.000000": {
            "cleavage": 0.0,
            "directory": "shift__4.9",
            "equivalent_structures": [
                "4:9:0.000000",
                "4:11:0.000000",
                "9:4:0.000000",
                "9:11:0.000000",
                "11:4:0.000000",
                "11:9:0.000000"
            ],
            "grid_point": [
                4,
                9
            ],
            "orbit": 21,
            "shift": [
                2.2611339305807046,
                2.0733876166740566
            ]
        },
        "5:0:0.000000": {
            "cleavage": 0.0,
            "directory": "shift__5.0",
            "equivalent_structures": [
                "0:5:0.000000",
                "0:7:0.000000",
                "5:0:0.000000",
                "5:7:0.000000",
                "7:0:0.000000",
                "7:5:0.000000"
            ],
            "grid_point": [
                5,
                0
            ],
            "orbit": 5,
            "shift": [
                1.3300787787373443,
                0.0
            ]
        },
        "5:10:0.000000": {
            "cleavage": 0.0,
            "directory": "shift__5.10",
            "equivalent_structures": [
                "5:9:0.000000",
                "5:10:0.000000",
                "9:5:0.000000",
                "9:10:0.000000",
                "10:5:0.000000",
                "10:9:0.000000"
            ],
            "grid_point": [
                5,
                10
            ],
            "orbit": 24,
            "shift": [
                2.660157564949377,
                2.3037640185267296
            ]
        },
        "5:11:0.000000": {
            "cleavage": 0.0,
            "directory": "shift__5.11",
            "equivalent_structures": [
                "5:8:0.000000",
                "5:11:0.000000",
                "8:5:0.000000",
                "8:11:0.000000",
                "11:5:0.000000",
                "11:8:0.000000"
            ],
            "grid_point": [
                5,
                11
            ],
            "orbit": 23,
            "shift": [
                2.7931654435705804,
                2.5341404203794022
            ]
        },
        "5:1:0.000000": {
            "cleavage": 0.0,
            "directory": "shift__5.1",
            "equivalent_structures": [
                "1:5:0.000000",
                "1:6:0.000000",
                "5:1:0.000000",
                "5:6:0.000000",
                "6:1:0.000000",
                "6:5:0.000000"
            ],
            "grid_point": [
                5,
                1
            ],
            "orbit": 11,
            "shift": [
                1.4630866573585475,
                0.23037640185267294
            ]
        },
        "5:2:0.000000": {
            "cleavage": 0.0,
            "directory": "shift__5.2",
            "equivalent_structures": [
                "2:5:0.000000",
                "5:2:0.000000",
                "5:5:0.000000"
            ],
            "grid_point": [
                5,
                2
            ],
            "orbit": 15,
            "shift": [
                1.5960945359797507,
                0.4607528037053459
            ]
        },
        "5:3:0.000000": {
            "cleavage": 0.0,
            "directory": "shift__5.3",
            "equivalent_structures": [
                "3:4:0.000000",
                "3:5:0.000000",
                "4:3:0.000000",
                "4:5:0.000000",
                "5:3:0.000000",
                "5:4:0.000000"
            ],
            "grid_point": [
                5,
                3
            ],
            "orbit": 18,
            "shift": [
                1.7291024146009542,
                0.6911292055580188
            ]
        },
        "5:4:0.000000": {
            "cleavage": 0.0,
            "directory": "shift__5.4",
            "equivalent_structures": [
                "3:4:0.000000",
                "3:5:0.000000",
                "4:3:0.000000",
                "4:5:0.000000",
                "5:3:0.000000",
                "5:4:0.000000"
            ],
            "grid_point": [
                5,
                4
            ],
            "orbit": 18,
            "shift": [
                1.8621102932221572,
                0.9215056074106918
            ]
        },
        "5:5:0.000000": {
            "cleavage": 0.0,
            "directory": "shift__5.5",
            "equivalent_structures": [
                "2:5:0.000000",
                "5:2:0.000000",
                "5:5:0.000000"
            ],
            "grid_point": [
                5,
                5
            ],
            "orbit": 15,
            "shift": [
                1.9951181718433606,
                1.1518820092633648
            ]
        },
        "5:6:0.000000": {
            "cleavage": 0.0,
            "directory": "shift__5.6",
            "equivalent_structures": [
                "1:5:0.000000",
                "1:6:0.000000",
                "5:1:0.000000",
                "5:6:0.000000",
                "6:1:0.000000",
                "6:5:0.000000"
            ],
            "grid_point": [
                5,
                6
            ],
            "orbit": 11,
            "shift": [
                2.128126050464564,
                1.3822584111160376
            ]
        },
        "5:7:0.000000": {
            "cleavage": 0.0,
            "directory": "shift__5.7",
            "equivalent_structures": [
                "0:5:0.000000",
                "0:7:0.000000",
                "5:0:0.000000",
                "5:7:0.000000",
                "7:0:0.000000",
                "7:5:0.000000"
            ],
            "grid_point": [
                5,
                7
            ],
            "orbit": 5,
            "shift": [
                2.261133929085767,
                1.6126348129687107
            ]
        },
        "5:8:0.000000": {
            "cleavage": 0.0,
            "directory": "shift__5.8",
            "equivalent_structures": [
                "5:8:0.000000",
                "5:11:0.000000",
                "8:5:0.000000",
                "8:11:0.000000",
                "11:5:0.000000",
                "11:8:0.000000"
            ],
            "grid_point": [
                5,
                8
            ],
            "orbit": 23,
            "shift": [
                2.39414180770697,
                1.8430112148213835
            ]
        },
        "5:9:0.000000": {
            "cleavage": 0.0,
            "directory": "shift__5.9",
            "equivalent_structures": [
                "5:9:0.000000",
                "5:10:0.000000",
                "9:5:0.000000",
                "9:10:0.000000",
                "10:5:0.000000",
                "10:9:0.000000"
            ],
            "grid_point": [
                5,
                9
            ],
            "orbit": 24,
            "shift": [
                2.5271496863281735,
                2.0733876166740566
            ]
        },
        "6:0:0.000000": {
            "cleavage": 0.0,
            "directory": "shift__6.0",
            "equivalent_structures": [
                "0:6:0.000000",
                "6:0:0.000000",
                "6:6:0.000000"
            ],
            "grid_point": [
                6,
                0
            ],
            "orbit": 6,
            "shift": [
                1.596094534484813,
                0.0
            ]
        },
        "6:10:0.000000": {
            "cleavage": 0.0,
            "directory": "shift__6.10",
            "equivalent_structures": [
                "6:8:0.000000",
                "6:10:0.000000",
                "8:6:0.000000",
                "8:10:0.000000",
                "10:6:0.000000",
                "10:8:0.000000"
            ],
            "grid_point": [
                6,
                10
            ],
            "orbit": 26,
            "shift": [
                2.9261733206968454,
                2.3037640185267296
            ]
        },
        "6:11:0.000000": {
            "cleavage": 0.0,
            "directory": "shift__6.11",
            "equivalent_structures": [
                "6:7:0.000000",
                "6:11:0.000000",
                "7:6:0.000000",
                "7:11:0.000000",
                "11:6:0.000000",
                "11:7:0.000000"
            ],
            "grid_point": [
                6,
                11
            ],
            "orbit": 25,
            "shift": [
                3.059181199318049,
                2.5341404203794022
            ]
        },
        "6:1:0.000000": {
            "cleavage": 0.0,
            "directory": "shift__6.1",
            "equivalent_structures": [
                "1:5:0.000000",
                "1:6:0.000000",
                "5:1:0.000000",
                "5:6:0.000000",
                "6:1:0.000000",
                "6:5:0.000000"
            ],
            "grid_point": [
                6,
                1
            ],
            "orbit": 11,
            "shift": [
                1.7291024131060162,
                0.23037640185267294
            ]
        },
        "6:2:0.000000": {
            "cleavage": 0.0,
            "directory": "shift__6.2",
            "equivalent_structures": [
                "2:4:0.000000",
                "2:6:0.000000",
                "4:2:0.000000",
                "4:6:0.000000",
                "6:2:0.000000",
                "6:4:0.000000"
            ],
            "grid_point": [
                6,
                2
            ],
            "orbit": 14,
            "shift": [
                1.8621102917272194,
                0.4607528037053459
            ]
        },
        "6:3:0.000000": {
            "cleavage": 0.0,
            "directory": "shift__6.3",
            "equivalent_structures": [
                "3:3:0.000000",
                "3:6:0.000000",
                "6:3:0.000000"
            ],
            "grid_point": [
                6,
                3
            ],
            "orbit": 17,
            "shift": [
                1.9951181703484226,
                0.6911292055580188
            ]
        },
        "6:4:0.000000": {
            "cleavage": 0.0,
            "directory": "shift__6.4",
            "equivalent_structures": [
                "2:4:0.000000",
                "2:6:0.000000",
                "4:2:0.000000",
                "4:6:0.000000",
                "6:2:0.000000",
                "6:4:0.000000"
            ],
            "grid_point": [
                6,
                4
            ],
            "orbit": 14,
            "shift": [
                2.128126048969626,
                0.9215056074106918
            ]
        },
        "6:5:0.000000": {
            "cleavage": 0.0,
            "directory": "shift__6.5",
            "equivalent_structures": [
                "1:5:0.000000",
                "1:6:0.000000",
                "5:1:0.000000",
                "5:6:0.000000",
                "6:1:0.000000",
                "6:5:0.000000"
            ],
            "grid_point": [
                6,
                5
            ],
            "orbit": 11,
            "shift": [
                2.261133927590829,
                1.1518820092633648
            ]
        },
        "6:6:0.000000": {
            "cleavage": 0.0,
            "directory": "shift__6.6",
            "equivalent_structures": [
                "0:6:0.000000",
                "6:0:0.000000",
                "6:6:0.000000"
            ],
            "grid_point": [
                6,
                6
            ],
            "orbit": 6,
            "shift": [
                2.3941418062120325,
                1.3822584111160376
            ]
        },
        "6:7:0.000000": {
            "cleavage": 0.0,
            "directory": "shift__6.7",
            "equivalent_structures": [
                "6:7:0.000000",
                "6:11:0.000000",
                "7:6:0.000000",
                "7:11:0.000000",
                "11:6:0.000000",
                "11:7:0.000000"
            ],
            "grid_point": [
                6,
                7
            ],
            "orbit": 25,
            "shift": [
                2.527149684833236,
                1.6126348129687107
            ]
        },
        "6:8:0.000000": {
            "cleavage": 0.0,
            "directory": "shift__6.8",
            "equivalent_structures": [
                "6:8:0.000000",
                "6:10:0.000000",
                "8:6:0.000000",
                "8:10:0.000000",
                "10:6:0.000000",
                "10:8:0.000000"
            ],
            "grid_point": [
                6,
                8
            ],
            "orbit": 26,
            "shift": [
                2.660157563454439,
                1.8430112148213835
            ]
        },
        "6:9:0.000000": {
            "cleavage": 0.0,
            "directory": "shift__6.9",
            "equivalent_structures": [
                "6:9:0.000000",
                "9:6:0.000000",
                "9:9:0.000000"
            ],
            "grid_point": [
                6,
                9
            ],
            "orbit": 27,
            "shift": [
                2.793165442075642,
                2.0733876166740566
            ]
        },
        "7:0:0.000000": {
            "cleavage": 0.0,
            "directory": "shift__7.0",
            "equivalent_structures": [
                "0:5:0.000000",
                "0:7:0.000000",
                "5:0:0.000000",
                "5:7:0.000000",
                "7:0:0.000000",
                "7:5:0.000000"
            ],
            "grid_point": [
                7,
                0
            ],
            "orbit": 5,
            "shift": [
                1.862110290232282,
                0.0
            ]
        },
        "7:10:0.000000": {
            "cleavage": 0.0,
            "directory": "shift__7.10",
            "equivalent_structures": [
                "7:7:0.000000",
                "7:10:0.000000",
                "10:7:0.000000"
            ],
            "grid_point": [
                7,
                10
            ],
            "orbit": 28,
            "shift": [
                3.192189076444315,
                2.3037640185267296
            ]
        },
        "7:11:0.000000": {
            "cleavage": 0.0,
            "directory": "shift__7.11",
            "equivalent_structures": [
                "6:7:0.000000",
                "6:11:0.000000",
                "7:6:0.000000",
                "7:11:0.000000",
                "11:6:0.000000",
                "11:7:0.000000"
            ],
            "grid_point": [
                7,
                11
            ],
            "orbit": 25,
            "shift": [
                3.325196955065518,
                2.5341404203794022
            ]
        },
        "7:1:0.000000": {
            "cleavage": 0.0,
            "directory": "shift__7.1",
            "equivalent_structures": [
                "1:4:0.000000",
                "1:7:0.000000",
                "4:1:0.000000",
                "4:7:0.000000",
                "7:1:0.000000",
                "7:4:0.000000"
            ],
            "grid_point": [
                7,
                1
            ],
            "orbit": 10,
            "shift": [
                1.9951181688534851,
                0.23037640185267294
            ]
        },
        "7:2:0.000000": {
            "cleavage": 0.0,
            "directory": "shift__7.2",
            "equivalent_structures": [
                "2:3:0.000000",
                "2:7:0.000000",
                "3:2:0.000000",
                "3:7:0.000000",
                "7:2:0.000000",
                "7:3:0.000000"
            ],
            "grid_point": [
                7,
                2
            ],
            "orbit": 13,
            "shift": [
                2.1281260474746886,
                0.4607528037053459
            ]
        },
        "7:3:0.000000": {
            "cleavage": 0.0,
            "directory": "shift__7.3",
            "equivalent_structures": [
                "2:3:0.000000",
                "2:7:0.000000",
                "3:2:0.000000",
                "3:7:0.000000",
                "7:2:0.000000",
                "7:3:0.000000"
            ],
            "grid_point": [
                7,
                3
            ],
            "orbit": 13,
            "shift": [
                2.2611339260958916,
                0.6911292055580188
            ]
        },
        "7:4:0.000000": {
            "cleavage": 0.0,
            "directory": "shift__7.4",
            "equivalent_structures": [
                "1:4:0.000000",
                "1:7:0.000000",
                "4:1:0.000000",
                "4:7:0.000000",
                "7:1:0.000000",
                "7:4:0.000000"
            ],
            "grid_point": [
                7,
                4
            ],
            "orbit": 10,
            "shift": [
                2.394141804717095,
                0.9215056074106918
            ]
        },
        "7:5:0.000000": {
            "cleavage": 0.0,
            "directory": "shift__7.5",
            "equivalent_structures": [
                "0:5:0.000000",
                "0:7:0.000000",
                "5:0:0.000000",
                "5:7:0.000000",
                "7:0:0.000000",
                "7:5:0.000000"
            ],
            "grid_point": [
                7,
                5
            ],
            "orbit": 5,
            "shift": [
                2.5271496833382985,
                1.1518820092633648
            ]
        },
        "7:6:0.000000": {
            "cleavage": 0.0,
            "directory": "shift__7.6",
            "equivalent_structures": [
                "6:7:0.000000",
                "6:11:0.000000",
                "7:6:0.000000",
                "7:11:0.000000",
                "11:6:0.000000",
                "11:7:0.000000"
            ],
            "grid_point": [
                7,
                6
            ],
            "orbit": 25,
            "shift": [
                2.6601575619595015,
                1.3822584111160376
            ]
        },
        "7:7:0.000000": {
            "cleavage": 0.0,
            "directory": "shift__7.7",
            "equivalent_structures": [
                "7:7:0.000000",
                "7:10:0.000000",
                "10:7:0.000000"
            ],
            "grid_point": [
                7,
                7
            ],
            "orbit": 28,
            "shift": [
                2.793165440580705,
                1.6126348129687107
            ]
        },
        "7:8:0.000000": {
            "cleavage": 0.0,
            "directory": "shift__7.8",
            "equivalent_structures": [
                "7:8:0.000000",
                "7:9:0.000000",
                "8:7:0.000000",
                "8:9:0.000000",
                "9:7:0.000000",
                "9:8:0.000000"
            ],
            "grid_point": [
                7,
                8
            ],
            "orbit": 29,
            "shift": [
                2.926173319201908,
                1.8430112148213835
            ]
        },
        "7:9:0.000000": {
            "cleavage": 0.0,
            "directory": "shift__7.9",
            "equivalent_structures": [
                "7:8:0.000000",
                "7:9:0.000000",
                "8:7:0.000000",
                "8:9:0.000000",
                "9:7:0.000000",
                "9:8:0.000000"
            ],
            "grid_point": [
                7,
                9
            ],
            "orbit": 29,
            "shift": [
                3.0591811978231114,
                2.0733876166740566
            ]
        },
        "8:0:0.000000": {
            "cleavage": 0.0,
            "directory": "shift__8.0",
            "equivalent_structures": [
                "0:4:0.000000",
                "0:8:0.000000",
                "4:0:0.000000",
                "4:8:0.000000",
                "8:0:0.000000",
                "8:4:0.000000"
            ],
            "grid_point": [
                8,
                0
            ],
            "orbit": 4,
            "shift": [
                2.1281260459797506,
                0.0
            ]
        },
        "8:10:0.000000": {
            "cleavage": 0.0,
            "directory": "shift__8.10",
            "equivalent_structures": [
                "6:8:0.000000",
                "6:10:0.000000",
                "8:6:0.000000",
                "8:10:0.000000",
                "10:6:0.000000",
                "10:8:0.000000"
            ],
            "grid_point": [
                8,
                10
            ],
            "orbit": 26,
            "shift": [
                3.4582048321917833,
                2.3037640185267296
            ]
        },
        "8:11:0.000000": {
            "cleavage": 0.0,
            "directory": "shift__8.11",
            "equivalent_structures": [
                "5:8:0.000000",
                "5:11:0.000000",
                "8:5:0.000000",
                "8:11:0.000000",
                "11:5:0.000000",
                "11:8:0.000000"
            ],
            "grid_point": [
                8,
                11
            ],
            "orbit": 23,
            "shift": [
                3.5912127108129868,
                2.5341404203794022
            ]
        },
        "8:1:0.000000": {
            "cleavage": 0.0,
            "directory": "shift__8.1",
            "equivalent_structures": [
                "1:3:0.000000",
                "1:8:0.000000",
                "3:1:0.000000",
                "3:8:0.000000",
                "8:1:0.000000",
                "8:3:0.000000"
            ],
            "grid_point": [
                8,
                1
            ],
            "orbit": 9,
            "shift": [
                2.261133924600954,
                0.23037640185267294
            ]
        },
        "8:2:0.000000": {
            "cleavage": 0.0,
            "directory": "shift__8.2",
            "equivalent_structures": [
                "2:2:0.000000",
                "2:8:0.000000",
                "8:2:0.000000"
            ],
            "grid_point": [
                8,
                2
            ],
            "orbit": 12,
            "shift": [
                2.394141803222157,
                0.4607528037053459
            ]
        },
        "8:3:0.000000": {
            "cleavage": 0.0,
            "directory": "shift__8.3",
            "equivalent_structures": [
                "1:3:0.000000",
                "1:8:0.000000",
                "3:1:0.000000",
                "3:8:0.000000",
                "8:1:0.000000",
                "8:3:0.000000"
            ],
            "grid_point": [
                8,
                3
            ],
            "orbit": 9,
            "shift": [
                2.5271496818433605,
                0.6911292055580188
            ]
        },
        "8:4:0.000000": {
            "cleavage": 0.0,
            "directory": "shift__8.4",
            "equivalent_structures": [
                "0:4:0.000000",
                "0:8:0.000000",
                "4:0:0.000000",
                "4:8:0.000000",
                "8:0:0.000000",
                "8:4:0.000000"
            ],
            "grid_point": [
                8,
                4
            ],
            "orbit": 4,
            "shift": [
                2.6601575604645635,
                0.9215056074106918
            ]
        },
        "8:5:0.000000": {
            "cleavage": 0.0,
            "directory": "shift__8.5",
            "equivalent_structures": [
                "5:8:0.000000",
                "5:11:0.000000",
                "8:5:0.000000",
                "8:11:0.000000",
                "11:5:0.000000",
                "11:8:0.000000"
            ],
            "grid_point": [
                8,
                5
            ],
            "orbit": 23,
            "shift": [
                2.793165439085767,
                1.1518820092633648
            ]
        },
        "8:6:0.000000": {
            "cleavage": 0.0,
            "directory": "shift__8.6",
            "equivalent_structures": [
                "6:8:0.000000",
                "6:10:0.000000",
                "8:6:0.000000",
                "8:10:0.000000",
                "10:6:0.000000",
                "10:8:0.000000"
            ],
            "grid_point": [
                8,
                6
            ],
            "orbit": 26,
            "shift": [
                2.9261733177069704,
                1.3822584111160376
            ]
        },
        "8:7:0.000000": {
            "cleavage": 0.0,
            "directory": "shift__8.7",
            "equivalent_structures": [
                "7:8:0.000000",
                "7:9:0.000000",
                "8:7:0.000000",
                "8:9:0.000000",
                "9:7:0.000000",
                "9:8:0.000000"
            ],
            "grid_point": [
                8,
                7
            ],
            "orbit": 29,
            "shift": [
                3.0591811963281734,
                1.6126348129687107
            ]
        },
        "8:8:0.000000": {
            "cleavage": 0.0,
            "directory": "shift__8.8",
            "equivalent_structures": [
                "8:8:0.000000"
            ],
            "grid_point": [
                8,
                8
            ],
            "orbit": 30,
            "shift": [
                3.1921890749493764,
                1.8430112148213835
            ]
        },
        "8:9:0.000000": {
            "cleavage": 0.0,
            "directory": "shift__8.9",
            "equivalent_structures": [
                "7:8:0.000000",
                "7:9:0.000000",
                "8:7:0.000000",
                "8:9:0.000000",
                "9:7:0.000000",
                "9:8:0.000000"
            ],
            "grid_point": [
                8,
                9
            ],
            "orbit": 29,
            "shift": [
                3.32519695357058,
                2.0733876166740566
            ]
        },
        "9:0:0.000000": {
            "cleavage": 0.0,
            "directory": "shift__9.0",
            "equivalent_structures": [
                "0:3:0.000000",
                "0:9:0.000000",
                "3:0:0.000000",
                "3:9:0.000000",
                "9:0:0.000000",
                "9:3:0.000000"
            ],
            "grid_point": [
                9,
                0
            ],
            "orbit": 3,
            "shift": [
                2.3941418017272196,
                0.0
            ]
        },
        "9:10:0.000000": {
            "cleavage": 0.0,
            "directory": "shift__9.10",
            "equivalent_structures": [
                "5:9:0.000000",
                "5:10:0.000000",
                "9:5:0.000000",
                "9:10:0.000000",
                "10:5:0.000000",
                "10:9:0.000000"
            ],
            "grid_point": [
                9,
                10
            ],
            "orbit": 24,
            "shift": [
                3.7242205879392523,
                2.3037640185267296
            ]
        },
        "9:11:0.000000": {
            "cleavage": 0.0,
            "directory": "shift__9.11",
            "equivalent_structures": [
                "4:9:0.000000",
                "4:11:0.000000",
                "9:4:0.000000",
                "9:11:0.000000",
                "11:4:0.000000",
                "11:9:0.000000"
            ],
            "grid_point": [
                9,
                11
            ],
            "orbit": 21,
            "shift": [
                3.8572284665604553,
                2.5341404203794022
            ]
        },
        "9:1:0.000000": {
            "cleavage": 0.0,
            "directory": "shift__9.1",
            "equivalent_structures": [
                "1:2:0.000000",
                "1:9:0.000000",
                "2:1:0.000000",
                "2:9:0.000000",
                "9:1:0.000000",
                "9:2:0.000000"
            ],
            "grid_point": [
                9,
                1
            ],
            "orbit": 8,
            "shift": [
                2.527149680348423,
                0.23037640185267294
            ]
        },
        "9:2:0.000000": {
            "cleavage": 0.0,
            "directory": "shift__9.2",
            "equivalent_structures": [
                "1:2:0.000000",
                "1:9:0.000000",
                "2:1:0.000000",
                "2:9:0.000000",
                "9:1:0.000000",
                "9:2:0.000000"
            ],
            "grid_point": [
                9,
                2
            ],
            "orbit": 8,
            "shift": [
                2.660157558969626,
                0.4607528037053459
            ]
        },
        "9:3:0.000000": {
            "cleavage": 0.0,
            "directory": "shift__9.3",
            "equivalent_structures": [
                "0:3:0.000000",
                "0:9:0.000000",
                "3:0:0.000000",
                "3:9:0.000000",
                "9:0:0.000000",
                "9:3:0.000000"
            ],
            "grid_point": [
                9,
                3
            ],
            "orbit": 3,
            "shift": [
                2.7931654375908295,
                0.6911292055580188
            ]
        },
        "9:4:0.000000": {
            "cleavage": 0.0,
            "directory": "shift__9.4",
            "equivalent_structures": [
                "4:9:0.000000",
                "4:11:0.000000",
                "9:4:0.000000",
                "9:11:0.000000",
                "11:4:0.000000",
                "11:9:0.000000"
            ],
            "grid_point": [
                9,
                4
            ],
            "orbit": 21,
            "shift": [
                2.9261733162120325,
                0.9215056074106918
            ]
        },
        "9:5:0.000000": {
            "cleavage": 0.0,
            "directory": "shift__9.5",
            "equivalent_structures": [
                "5:9:0.000000",
                "5:10:0.000000",
                "9:5:0.000000",
                "9:10:0.000000",
                "10:5:0.000000",
                "10:9:0.000000"
            ],
            "grid_point": [
                9,
                5
            ],
            "orbit": 24,
            "shift": [
                3.059181194833236,
                1.1518820092633648
            ]
        },
        "9:6:0.000000": {
            "cleavage": 0.0,
            "directory": "shift__9.6",
            "equivalent_structures": [
                "6:9:0.000000",
                "9:6:0.000000",
                "9:9:0.000000"
            ],
            "grid_point": [
                9,
                6
            ],
            "orbit": 27,
            "shift": [
                3.192189073454439,
                1.3822584111160376
            ]
        },
        "9:7:0.000000": {
            "cleavage": 0.0,
            "directory": "shift__9.7",
            "equivalent_structures": [
                "7:8:0.000000",
                "7:9:0.000000",
                "8:7:0.000000",
                "8:9:0.000000",
                "9:7:0.000000",
                "9:8:0.000000"
            ],
            "grid_point": [
                9,
                7
            ],
            "orbit": 29,
            "shift": [
                3.3251969520756424,
                1.6126348129687107
            ]
        },
        "9:8:0.000000": {
            "cleavage": 0.0,
            "directory": "shift__9.8",
            "equivalent_structures": [
                "7:8:0.000000",
                "7:9:0.000000",
                "8:7:0.000000",
                "8:9:0.000000",
                "9:7:0.000000",
                "9:8:0.000000"
            ],
            "grid_point": [
                9,
                8
            ],
            "orbit": 29,
            "shift": [
                3.458204830696846,
                1.8430112148213835
            ]
        },
        "9:9:0.000000": {
            "cleavage": 0.0,
            "directory": "shift__9.9",
            "equivalent_structures": [
                "6:9:0.000000",
                "9:6:0.000000",
                "9:9:0.000000"
            ],
            "grid_point": [
                9,
                9
            ],
            "orbit": 27,
            "shift": [
                3.591212709318049,
                2.0733876166740566
            ]
        }
    },
    "shift_units": [
        [
            0.26601575574746883,
            0.0
        ],
        [
            0.13300787862120325,
            0.23037640185267294
        ]
    ]
}